{
  "month": "2025-12",
  "contracts": {
    "NORMALIZACIONES": {
      "prod": 21924054.8,
      "cost": 116703603.8312,
      "uai": -94779549.0312,
      "margin": -432.30848442871076
    },
    "OYM Z2": {
      "prod": 45251050.0,
      "cost": 422145494.95000005,
      "uai": -376894444.95000005,
      "margin": -832.8965735601716
    },
    "BUCARAMANGA": {
      "prod": 119865020.0,
      "cost": 170336175.37,
      "uai": -50471155.370000005,
      "margin": -42.106659115394976
    },
    "FLORIDABLANCA": {
      "prod": 74411010.0,
      "cost": 159177843.01999998,
      "uai": -84766833.01999998,
      "margin": -113.91705746232981
    },
    "OYM Z3": {
      "prod": 260034381.0,
      "cost": 242390991.97900003,
      "uai": 17643389.020999968,
      "margin": 6.785021639503881
    },
    "BOYACA": {
      "prod": 153550276.0,
      "cost": 403641002.914,
      "uai": -250090726.91399997,
      "margin": -162.8722093042672
    },
    "CONSORCIO AYURA": {
      "prod": 0,
      "cost": 20756954.57,
      "uai": -20756954.57,
      "margin": 0
    },
    "VALLE": {
      "prod": 1031616718.0,
      "cost": 1063880336.0,
      "uai": -32263618.0,
      "margin": -3.127481111642861
    },
    "OYMA R1": {
      "prod": 1226884994.07,
      "cost": 1524214167.51733,
      "uai": -297329173.44733,
      "margin": -24.234477957138164
    },
    "NUEVOS NEGOCIOS": {
      "prod": 179960000.0,
      "cost": 68899787.3,
      "uai": 111060212.7,
      "margin": 61.7138323516337
    },
    "ADMON CENTRAL": {
      "prod": 0,
      "cost": 0,
      "uai": 0,
      "margin": 0
    }
  },
  "total": {
    "prod": 3113497503.87,
    "cost": 4192146357.45153,
    "uai": -1078648853.58153,
    "margin": -34.64428194468749
  }
}
