{
  "month": "2026-01",
  "contracts": {
    "NORMALIZACIONES": {
      "prod": 128047364.0,
      "cost": 207434474.136,
      "uai": -79387110.136,
      "margin": -61.99823850805707
    },
    "OYM Z2": {
      "prod": 675778847.0,
      "cost": 709082467.983,
      "uai": -33303620.98300004,
      "margin": -4.928183403615774
    },
    "BUCARAMANGA": {
      "prod": 103292397.0,
      "cost": 133491336.313,
      "uai": -30198939.312999994,
      "margin": -29.23636220098561
    },
    "FLORIDABLANCA": {
      "prod": 77482322.0,
      "cost": 138898148.318,
      "uai": -61415826.31799999,
      "margin": -79.2643079514318
    },
    "BOYACA": {
      "prod": 334049064.59,
      "cost": 384353459.90721,
      "uai": -50304395.31721002,
      "margin": -15.05898403845311
    },
    "VALLE": {
      "prod": 755582392.0,
      "cost": 947227291.0,
      "uai": -191644899.0,
      "margin": -25.36386514946738
    },
    "OYMA R1": {
      "prod": 1262536217.1,
      "cost": 1542897069.9749,
      "uai": -280360852.8749001,
      "margin": -22.206163203688433
    },
    "NUEVOS NEGOCIOS": {
      "prod": 25520000.0,
      "cost": 45203501.76,
      "uai": -19683501.759999998,
      "margin": -77.12970909090909
    },
    "ADMON CENTRAL": {
      "prod": 0,
      "cost": 0,
      "uai": 0,
      "margin": 0
    }
  },
  "total": {
    "prod": 3362288603.69,
    "cost": 4108587749.39211,
    "uai": -746299145.7021102,
    "margin": -22.19616557850125
  }
}
